
{
	"fd" : null,
	"md" : 
	{
		"flag" : "GREEN",
		"lapsLeft" : 10.0,
		"status" : 1.0
	},
	"rt" : 
	[
		
		{
			"bestLap" : 0.0,
			"dist" : 538.5923498570919,
			"finished" : false,
			"fl" : 100.0,
			"gapDist" : 0.0,
			"gapTime" : 0.0,
			"id" : 41816.0,
			"interval" : 0.0,
			"lap" : 0.0,
			"lastLap" : 0.0,
			"locX" : -299.656738281250,
			"locY" : -403.4730529785156,
			"locZ" : 0.9982649087905884,
			"name" : "Racer 41816",
			"owner" : 41816.0,
			"pitState" : 0.0,
			"place" : 1.0,
			"primary_color" : "#000000",
			"prog" : 0.2136060813341825,
			"secondary_color" : "#000000",
			"speed" : 15.30533218383789,
			"st" : [ 0.0, 0.0, 0.0 ],
			"th" : 98.0,
			"tt" : 2.0
		},
		
		{
			"bestLap" : 0.0,
			"dist" : 0.0,
			"finished" : false,
			"fl" : 100.0,
			"gapDist" : 538.5923498570919,
			"gapTime" : 53.43253139762080,
			"interval" : 53.43253139762080,
			"lap" : 0.0,
			"lastLap" : 0.0,
			"locX" : 0.0,
			"locY" : 0.0,
			"locZ" : 0.0,
			"name" : "Racer ?",
			"pitState" : 0.0,
			"place" : 2.0,
			"primary_color" : "#000000",
			"prog" : 0.0,
			"secondary_color" : "#000000",
			"speed" : 0.0,
			"st" : [ 0.0, 0.0, 0.0 ],
			"th" : 100.0,
			"tt" : 2.0
		},
		
		{
			"bestLap" : 0.0,
			"dist" : 0.0,
			"finished" : false,
			"fl" : 100.0,
			"gapDist" : 538.5923498570919,
			"gapTime" : 53.43253139762080,
			"interval" : 0.0,
			"lap" : 0.0,
			"lastLap" : 0.0,
			"locX" : 0.0,
			"locY" : 0.0,
			"locZ" : 0.0,
			"name" : "Racer ?",
			"pitState" : 0.0,
			"place" : 3.0,
			"primary_color" : "#000000",
			"prog" : 0.0,
			"secondary_color" : "#000000",
			"speed" : 0.0,
			"st" : [ 0.0, 0.0, 0.0 ],
			"th" : 100.0,
			"tt" : 2.0
		}
	]
}
