
{
	"fd" : null,
	"md" : 
	{
		"lapsLeft" : 10.0,
		"qualifying" : false,
		"status" : 1.0
	},
	"qd" : null,
	"rt" : 
	[
		
		{
			"bestLap" : 0.0,
			"fl" : 1.0,
			"gapToLeader" : 0.0,
			"gapToNext" : 0.0,
			"gl" : 0.50,
			"id" : 8357.0,
			"lapNum" : 0.0,
			"lastLap" : 0.0,
			"locX" : -460.6221008300781,
			"locY" : -80.92872619628906,
			"owner" : 8357.0,
			"pitState" : 0.0,
			"pitTimer" : 0.0,
			"place" : 2.0,
			"sa" : 0.50,
			"speed" : 5.826903343200684,
			"st" : [ 0.0, 0.0, 0.0 ],
			"th" : 0.9921340347974857,
			"timeSplit" : 0.0,
			"tt" : 2.0
		},
		
		{
			"bestLap" : 0.0,
			"fl" : 1.0,
			"gapToLeader" : 0.0,
			"gapToNext" : 505.4013528678405,
			"gl" : 0.50,
			"id" : 8357.0,
			"lapNum" : 0.0,
			"lastLap" : 0.0,
			"locX" : -460.6221008300781,
			"locY" : -80.92872619628906,
			"owner" : 8357.0,
			"pitState" : 0.0,
			"pitTimer" : 0.0,
			"place" : 2.0,
			"sa" : 0.50,
			"speed" : 5.826903343200684,
			"st" : [ 0.0, 0.0, 0.0 ],
			"th" : 0.9921340347974857,
			"timeSplit" : 0.0,
			"tt" : 2.0
		},
		
		{
			"bestLap" : 0.0,
			"fl" : 1.0,
			"gapToLeader" : 505.4013528678405,
			"gapToNext" : 0.0,
			"gl" : 0.50,
			"id" : 8634.0,
			"lapNum" : 0.0,
			"lastLap" : 0.0,
			"locX" : -112.6139373779297,
			"locY" : -139.8934478759766,
			"owner" : 8634.0,
			"pitState" : 0.0,
			"pitTimer" : 0.0,
			"place" : 3.0,
			"sa" : 0.50,
			"speed" : 16.94793510437012,
			"st" : [ 0.0, 0.0, 0.0 ],
			"th" : 0.9916494167157249,
			"timeSplit" : 505.4013528678405,
			"tt" : 2.0
		}
	]
}
