
{
	"fd" : null,
	"md" : 
	{
		"flag" : "GREEN",
		"lapsLeft" : 10.0,
		"status" : 1.0
	},
	"rt" : 
	[
		
		{
			"bestLap" : 46272.7740,
			"dist" : 4820.483854293823,
			"finished" : false,
			"fl" : 99.0,
			"gapDist" : 0.0,
			"gapTime" : 2.470328229206233e-323,
			"id" : 49097.0,
			"interval" : 0.0,
			"lap" : 1.0,
			"lastLap" : 46272.7740,
			"locX" : -550.3619384765625,
			"locY" : -125.8183517456055,
			"locZ" : 1.033981561660767,
			"name" : "Racer 49097",
			"owner" : 49097.0,
			"pitState" : 0.0,
			"place" : 4.0,
			"primary_color" : "#000000",
			"prog" : 0.9118070773259452,
			"secondary_color" : "#000000",
			"speed" : 20.55937576293945,
			"st" : [ 30.90, 29.40, 0.0 ],
			"th" : 93.0,
			"tt" : 2.0
		},
		
		{
			"bestLap" : 46272.7740,
			"dist" : 4820.483854293823,
			"finished" : false,
			"fl" : 99.0,
			"gapDist" : 0.0,
			"gapTime" : 2.470328229206233e-323,
			"id" : 49097.0,
			"interval" : 0.0,
			"lap" : 1.0,
			"lastLap" : 46272.7740,
			"locX" : -550.3619384765625,
			"locY" : -125.8183517456055,
			"locZ" : 1.033981561660767,
			"name" : "Racer 49097",
			"owner" : 49097.0,
			"pitState" : 0.0,
			"place" : 4.0,
			"primary_color" : "#000000",
			"prog" : 0.9118070773259452,
			"secondary_color" : "#000000",
			"speed" : 20.55937576293945,
			"st" : [ 30.90, 29.40, 0.0 ],
			"th" : 93.0,
			"tt" : 2.0
		},
		
		{
			"bestLap" : 46272.7740,
			"dist" : 4820.483854293823,
			"finished" : false,
			"fl" : 99.0,
			"gapDist" : 0.0,
			"gapTime" : 2.470328229206233e-323,
			"id" : 49097.0,
			"interval" : 0.0,
			"lap" : 1.0,
			"lastLap" : 46272.7740,
			"locX" : -550.3619384765625,
			"locY" : -125.8183517456055,
			"locZ" : 1.033981561660767,
			"name" : "Racer 49097",
			"owner" : 49097.0,
			"pitState" : 0.0,
			"place" : 4.0,
			"primary_color" : "#000000",
			"prog" : 0.9118070773259452,
			"secondary_color" : "#000000",
			"speed" : 20.55937576293945,
			"st" : [ 30.90, 29.40, 0.0 ],
			"th" : 93.0,
			"tt" : 2.0
		},
		
		{
			"bestLap" : 46272.7740,
			"dist" : 4820.483854293823,
			"finished" : false,
			"fl" : 99.0,
			"gapDist" : 0.0,
			"gapTime" : 2.470328229206233e-323,
			"id" : 49097.0,
			"interval" : 0.0,
			"lap" : 1.0,
			"lastLap" : 46272.7740,
			"locX" : -550.3619384765625,
			"locY" : -125.8183517456055,
			"locZ" : 1.033981561660767,
			"name" : "Racer 49097",
			"owner" : 49097.0,
			"pitState" : 0.0,
			"place" : 4.0,
			"primary_color" : "#000000",
			"prog" : 0.9118070773259452,
			"secondary_color" : "#000000",
			"speed" : 20.55937576293945,
			"st" : [ 30.90, 29.40, 0.0 ],
			"th" : 93.0,
			"tt" : 2.0
		},
		
		{
			"bestLap" : 46351.3630,
			"dist" : 2732.105298995972,
			"finished" : false,
			"fl" : 99.0,
			"gapDist" : 2088.378555297852,
			"gapTime" : 105.0105636774192,
			"id" : 49377.0,
			"interval" : 105.0105636774192,
			"lap" : 1.0,
			"lastLap" : 46351.3630,
			"locX" : -521.3820800781250,
			"locY" : -531.4364013671875,
			"locZ" : 1.022929072380066,
			"name" : "Racer 49377",
			"owner" : 49377.0,
			"pitState" : 0.0,
			"place" : 5.0,
			"primary_color" : "#000000",
			"prog" : 0.08355476431429673,
			"secondary_color" : "#000000",
			"speed" : 19.21140098571777,
			"st" : [ 0.0, 0.0, 0.0 ],
			"th" : 93.0,
			"tt" : 2.0
		},
		
		{
			"bestLap" : 0.0,
			"dist" : 0.0,
			"finished" : false,
			"fl" : 100.0,
			"gapDist" : 4820.483854293823,
			"gapTime" : 481.6026834458884,
			"interval" : 47.91824507651920,
			"lap" : 0.0,
			"lastLap" : 0.0,
			"locX" : 0.0,
			"locY" : 0.0,
			"locZ" : 0.0,
			"name" : "Racer ?",
			"pitState" : 0.0,
			"place" : 6.0,
			"primary_color" : "#000000",
			"prog" : 0.0,
			"secondary_color" : "#000000",
			"speed" : 0.0,
			"st" : [ 0.0, 0.0, 0.0 ],
			"th" : 100.0,
			"tt" : 2.0
		},
		
		{
			"bestLap" : 0.0,
			"dist" : 0.0,
			"finished" : false,
			"fl" : 100.0,
			"gapDist" : 4820.483854293823,
			"gapTime" : 481.6026834458884,
			"interval" : 71.38363818073181,
			"lap" : 0.0,
			"lastLap" : 0.0,
			"locX" : 0.0,
			"locY" : 0.0,
			"locZ" : 0.0,
			"name" : "Racer ?",
			"pitState" : 0.0,
			"place" : 8.0,
			"primary_color" : "#000000",
			"prog" : 0.0,
			"secondary_color" : "#000000",
			"speed" : 0.0,
			"st" : [ 0.0, 0.0, 0.0 ],
			"th" : 100.0,
			"tt" : 2.0
		},
		
		{
			"bestLap" : 0.0,
			"dist" : 0.0,
			"finished" : false,
			"fl" : 100.0,
			"gapDist" : 4820.483854293823,
			"gapTime" : 481.6026834458884,
			"interval" : 31.41528729609941,
			"lap" : 0.0,
			"lastLap" : 0.0,
			"locX" : 0.0,
			"locY" : 0.0,
			"locZ" : 0.0,
			"name" : "Racer ?",
			"pitState" : 0.0,
			"place" : 9.0,
			"primary_color" : "#000000",
			"prog" : 0.0,
			"secondary_color" : "#000000",
			"speed" : 0.0,
			"st" : [ 0.0, 0.0, 0.0 ],
			"th" : 100.0,
			"tt" : 2.0
		},
		
		{
			"bestLap" : 0.0,
			"dist" : 0.0,
			"finished" : false,
			"fl" : 100.0,
			"gapDist" : 4820.483854293823,
			"gapTime" : 481.9453356321022,
			"interval" : 28.31856034666119,
			"lap" : 0.0,
			"lastLap" : 0.0,
			"locX" : 0.0,
			"locY" : 0.0,
			"locZ" : 0.0,
			"name" : "Racer ?",
			"pitState" : 0.0,
			"place" : 11.0,
			"primary_color" : "#000000",
			"prog" : 0.0,
			"secondary_color" : "#000000",
			"speed" : 0.0,
			"st" : [ 0.0, 0.0, 0.0 ],
			"th" : 100.0,
			"tt" : 2.0
		},
		
		{
			"bestLap" : 0.0,
			"dist" : 0.0,
			"finished" : false,
			"fl" : 100.0,
			"gapDist" : 4820.483854293823,
			"gapTime" : 481.9453356321022,
			"interval" : 28.31856034666119,
			"lap" : 0.0,
			"lastLap" : 0.0,
			"locX" : 0.0,
			"locY" : 0.0,
			"locZ" : 0.0,
			"name" : "Racer ?",
			"pitState" : 0.0,
			"place" : 11.0,
			"primary_color" : "#000000",
			"prog" : 0.0,
			"secondary_color" : "#000000",
			"speed" : 0.0,
			"st" : [ 0.0, 0.0, 0.0 ],
			"th" : 100.0,
			"tt" : 2.0
		},
		
		{
			"bestLap" : 0.0,
			"dist" : 0.0,
			"finished" : false,
			"fl" : 100.0,
			"gapDist" : 4820.483854293823,
			"gapTime" : 481.9453356321022,
			"interval" : 28.31856034666119,
			"lap" : 0.0,
			"lastLap" : 0.0,
			"locX" : 0.0,
			"locY" : 0.0,
			"locZ" : 0.0,
			"name" : "Racer ?",
			"pitState" : 0.0,
			"place" : 11.0,
			"primary_color" : "#000000",
			"prog" : 0.0,
			"secondary_color" : "#000000",
			"speed" : 0.0,
			"st" : [ 0.0, 0.0, 0.0 ],
			"th" : 100.0,
			"tt" : 2.0
		}
	]
}
