
{
	"fd" : null,
	"md" : 
	{
		"lapsLeft" : 10.0,
		"qualifying" : false,
		"status" : 0.0
	},
	"qd" : null,
	"rt" : 
	[
		
		{
			"bestLap" : 0.0,
			"fl" : 1.0,
			"gapToLeader" : 0.0,
			"gapToNext" : 4.400348356933408,
			"gl" : 0.50,
			"id" : 7247.0,
			"lapNum" : 0.0,
			"lastLap" : 0.0,
			"locX" : -568.50,
			"locY" : -375.250,
			"owner" : 7247.0,
			"pitState" : 0.0,
			"pitTimer" : 0.0,
			"place" : 1.0,
			"sa" : 0.50,
			"speed" : 0.0,
			"st" : [ 0.0, 0.0, 0.0 ],
			"th" : 1.0,
			"timeSplit" : 0.0,
			"tt" : 2.0
		},
		
		{
			"bestLap" : 0.0,
			"fl" : 1.0,
			"gapToLeader" : 4.400348356933408,
			"gapToNext" : 0.0,
			"gl" : 0.50,
			"id" : 6970.0,
			"lapNum" : 0.0,
			"lastLap" : 0.0,
			"locX" : -566.2327270507812,
			"locY" : -363.4994506835938,
			"owner" : 6970.0,
			"pitState" : 0.0,
			"pitTimer" : 0.0,
			"place" : 2.0,
			"sa" : 0.50,
			"speed" : 0.0,
			"st" : [ 0.0, 0.0, 0.0 ],
			"th" : 1.0,
			"timeSplit" : 4.400348356933408,
			"tt" : 2.0
		}
	]
}
